"Columella_number","Mean_Columella"
1,265.652333333333
3,161.3265
4,137.5538
5,124.523666666667
6,133.8522
7,172.0275
8,205.1094
9,193.6092
10,240.263
