"Corallite_number","Mean_Corallite"
1,516.0254
3,694.014125
4,665.8305
5,685.249571428571
6,633.5917
7,707.574307692308
8,608.063714285714
9,636.3012
10,701.342
